[{
  "label": "Home",
  "id": "home",
  "routerLink": "/home"
}, {
  "label": "About RJI",
  "id": "about",
  "routerLink": "/about",
  "items": [{
    "label": "Overview",
    "id": "overview",
    "routerLink": "/about/overview"
  }, {
    "label": "Boards of Directors",
    "id": "directors",
    "routerLink": "/about/boardDirectors"
  }, {
    "label": "Vision and Mission",
    "id": "mission",
    "routerLink": "/about/visionAndMission"
  }, {
    "label": "Clients and Registration",
    "id": "registration",
    "routerLink": "/about/registration"
  }]
}, {
  "label": "Our Business",
  "id": "business",
  "routerLink": "/business",
  "items": [{
    "label": "Roads and Highways",
    "id": "roadsHighways",
    "routerLink": "/business/RoadsAndHighways"
  }, {
    "label": "Railways",
    "id": "railways",
    "routerLink": "/business/railways"
  }, {
    "label": "Bridges",
    "id": "bridges",
    "routerLink": "/business/bridges"
  }, {
    "label": "Land Development Industrial Projects",
    "id": "landDevelopment",
    "routerLink": "/business/landDevelopment"
  }]
}, {
  "label": "Projects",
  "id": "projects",
  "routerLink": "/projects",
  "items": [{
    "label": "Projects on Hand",
    "id": "activeProjects",
    "routerLink": "/projects/activeProjects"
  }, {
    "label": "Projects Completed",
    "id": "completedProject",
    "routerLink": "/projects/completedProject"
  }]
}, {
  "label": "Plant and Machinery",
  "id": "machinery",
  "routerLink": "/machinery",
  "items": [{
    "label": "Plants and Crushers",
    "id": "crushers",
    "routerLink": "/machinery/crushers"
  }, {
    "label": "Earth Work Equipments",
    "id": "earthEquipments",
    "routerLink": "/machinery/earthEquipments"
  }, {
    "label": "Mining Equipment",
    "id": "miningEquipment",
    "routerLink": "/machinery/miningEquipment"
  }, {
    "label": "Concrete Work Equipments and Machineries",
    "id": "concreteWorkEquipments",
    "routerLink": "/machinery/concreteWorkEquipments"
  }, {
    "label": "Transportation Equipments",
    "id": "transportationEquipments",
    "routerLink": "/machinery/transportationEquipments" 
  }, {
    "label": "Rigid Pavement Equipment",
    "id": "rigidPavementEquipment",
    "routerLink": "/machinery/rigidPavementEquipment"
  }, {
    "label": "Flexible Pavement Equipment",
    "id": "flexiblePavementEquipment",
    "routerLink": "/machinery/flexiblePavementEquipment"
  }]
}, {
  "label": "Carrier",
  "id": "carrer",
  "routerLink": "/carrier",
  "items": [{
    "label": "OverView",
    "id": "careerOverview",
    "routerLink": "/carrier/careerOverview"
  }, {
    "label": "Our Values",
    "id": "careerValues",
    "routerLink": "/carrier/careerValues"
  }, {
    "label": "Current Open Position",
    "id": "currentOpenPostion",
    "routerLink": "/carrier/currentOpenPostion"
  }]
}, {
  "label": "Media",
  "id": "media",
  "routerLink": "/media"
}, {
  "label": "Contact Us",
  "id": "contactus",
  "routerLink": "/contactus"
}]
